product_id,product_name,category,brand,cost_price,list_price
1001,Product_1001,Toys,BrandB,632.0,1212.88
1002,Product_1002,Beauty,BrandC,353.98,646.8
1003,Product_1003,Grocery,BrandA,501.39,649.02
1004,Product_1004,Toys,BrandE,524.41,797.08
1005,Product_1005,Home,BrandE,329.64,604.91
1006,Product_1006,Grocery,BrandD,434.46,504.25
1007,Product_1007,Grocery,BrandB,359.77,521.18
1008,Product_1008,Toys,BrandA,101.85,190.12
1009,Product_1009,Apparel,BrandB,377.87,553.02
1010,Product_1010,Home,BrandA,123.05,143.95
1011,Product_1011,Toys,BrandD,353.77,561.89
1012,Product_1012,Home,BrandD,494.69,927.82
1013,Product_1013,Home,BrandE,484.56,790.44
1014,Product_1014,Grocery,BrandB,546.97,713.06
1015,Product_1015,Beauty,BrandE,121.45,175.59
1016,Product_1016,Home,BrandB,539.09,811.39
1017,Product_1017,Sports,BrandE,284.11,460.64
1018,Product_1018,Grocery,BrandC,349.28,622.91
1019,Product_1019,Apparel,BrandC,693.49,824.55
1020,Product_1020,Beauty,BrandC,56.77,107.9
1021,Product_1021,Sports,BrandC,491.31,545.88
1022,Product_1022,Sports,BrandA,499.04,715.15
1023,Product_1023,Apparel,BrandC,347.49,390.81
1024,Product_1024,Beauty,BrandD,227.77,331.1
1025,Product_1025,Grocery,BrandD,226.01,355.57
1026,Product_1026,Electronics,BrandA,712.78,1112.3
1027,Product_1027,Beauty,BrandC,381.52,476.54
1028,Product_1028,Apparel,BrandC,298.17,501.27
1029,Product_1029,Sports,BrandC,386.58,440.82
1030,Product_1030,Grocery,BrandE,552.04,985.79
1031,Product_1031,Beauty,BrandB,159.32,310.99
1032,Product_1032,Electronics,BrandE,387.08,544.15
1033,Product_1033,Electronics,BrandB,490.91,768.53
1034,Product_1034,Home,BrandC,761.44,1097.25
1035,Product_1035,Home,BrandC,239.4,264.79
1036,Product_1036,Toys,BrandE,319.44,462.32
1037,Product_1037,Apparel,BrandE,334.52,606.33
1038,Product_1038,Beauty,BrandB,504.15,824.99
1039,Product_1039,Beauty,BrandD,317.55,378.24
1040,Product_1040,Toys,BrandB,450.13,838.33
1041,Product_1041,Sports,BrandE,636.34,1004.13
1042,Product_1042,Sports,BrandE,579.04,1075.6
1043,Product_1043,Toys,BrandA,384.78,624.19
1044,Product_1044,Sports,BrandE,698.16,1119.65
1045,Product_1045,Home,BrandA,468.61,559.86
1046,Product_1046,Beauty,BrandD,454.93,568.95
1047,Product_1047,Toys,BrandB,75.64,149.38
1048,Product_1048,Beauty,BrandB,790.02,1031.48
1049,Product_1049,Electronics,BrandA,142.23,281.57
1050,Product_1050,Home,BrandB,223.35,352.61
1051,Product_1051,Grocery,BrandE,88.77,108.5
1052,Product_1052,Home,BrandC,530.0,630.37
1053,Product_1053,Toys,BrandA,218.53,281.46
1054,Product_1054,Grocery,BrandB,185.01,357.64
1055,Product_1055,Electronics,BrandA,116.42,171.46
1056,Product_1056,Toys,BrandA,127.48,185.6
1057,Product_1057,Apparel,BrandC,488.5,675.05
1058,Product_1058,Beauty,BrandE,566.16,697.71
1059,Product_1059,Electronics,BrandA,348.03,535.64
1060,Product_1060,Beauty,BrandB,409.92,498.89
1061,Product_1061,Sports,BrandD,564.48,1045.38
1062,Product_1062,Apparel,BrandA,63.03,90.34
1063,Product_1063,Apparel,BrandA,292.35,420.2
1064,Product_1064,Electronics,BrandC,779.82,1190.48
1065,Product_1065,Apparel,BrandE,485.08,727.48
1066,Product_1066,Grocery,BrandD,240.67,480.23
1067,Product_1067,Apparel,BrandB,441.3,702.04
1068,Product_1068,Beauty,BrandD,306.99,362.06
1069,Product_1069,Beauty,BrandB,449.18,739.44
1070,Product_1070,Toys,BrandE,144.31,178.43
1071,Product_1071,Beauty,BrandB,149.54,168.66
1072,Product_1072,Toys,BrandC,157.66,311.17
1073,Product_1073,Beauty,BrandC,754.86,1355.87
1074,Product_1074,Grocery,BrandC,599.67,1188.6
1075,Product_1075,Toys,BrandC,171.79,262.85
1076,Product_1076,Home,BrandD,191.26,302.01
1077,Product_1077,Sports,BrandE,598.12,748.55
1078,Product_1078,Electronics,BrandB,167.12,220.97
1079,Product_1079,Beauty,BrandB,225.92,419.01
1080,Product_1080,Apparel,BrandC,772.51,1097.4
1081,Product_1081,Beauty,BrandC,241.48,445.32
1082,Product_1082,Apparel,BrandA,546.22,949.39
1083,Product_1083,Sports,BrandE,783.97,987.37
1084,Product_1084,Sports,BrandD,330.72,514.83
1085,Product_1085,Sports,BrandB,63.14,107.95
1086,Product_1086,Apparel,BrandA,233.11,305.73
1087,Product_1087,Beauty,BrandA,673.16,1243.74
1088,Product_1088,Sports,BrandB,698.46,1110.79
1089,Product_1089,Grocery,BrandD,626.39,782.18
1090,Product_1090,Toys,BrandA,134.83,219.06
1091,Product_1091,Apparel,BrandA,646.63,1293.09
1092,Product_1092,Apparel,BrandE,739.01,913.02
1093,Product_1093,Beauty,BrandD,500.46,918.38
1094,Product_1094,Apparel,BrandA,755.66,972.22
1095,Product_1095,Apparel,BrandD,670.13,1209.01
1096,Product_1096,Sports,BrandB,550.23,969.02
1097,Product_1097,Beauty,BrandC,482.89,661.77
1098,Product_1098,Sports,BrandA,311.43,433.9
1099,Product_1099,Toys,BrandE,169.47,307.29
1100,Product_1100,Toys,BrandB,503.72,763.29
1101,Product_1101,Sports,BrandD,288.58,507.25
1102,Product_1102,Toys,BrandB,699.83,863.02
1103,Product_1103,Beauty,BrandA,795.0,1484.51
1104,Product_1104,Electronics,BrandD,614.32,1068.79
1105,Product_1105,Sports,BrandC,117.86,225.85
1106,Product_1106,Grocery,BrandB,266.51,324.91
1107,Product_1107,Grocery,BrandA,131.83,215.37
1108,Product_1108,Apparel,BrandE,537.88,881.7
1109,Product_1109,Toys,BrandD,623.89,884.75
1110,Product_1110,Grocery,BrandB,744.26,1125.78
1111,Product_1111,Apparel,BrandB,378.63,429.44
1112,Product_1112,Electronics,BrandC,726.03,1286.0
1113,Product_1113,Beauty,BrandC,708.42,1129.5
1114,Product_1114,Beauty,BrandE,287.9,331.65
1115,Product_1115,Beauty,BrandE,701.68,1201.75
1116,Product_1116,Grocery,BrandA,331.75,504.29
1117,Product_1117,Electronics,BrandA,272.65,308.37
1118,Product_1118,Grocery,BrandE,536.81,1058.94
1119,Product_1119,Toys,BrandE,296.29,579.01
1120,Product_1120,Grocery,BrandD,522.66,816.19
1121,Product_1121,Electronics,BrandC,507.37,600.88
1122,Product_1122,Electronics,BrandA,472.58,840.8
1123,Product_1123,Toys,BrandC,335.31,517.3
1124,Product_1124,Electronics,BrandC,461.37,633.09
1125,Product_1125,Electronics,BrandE,497.36,767.07
1126,Product_1126,Beauty,BrandD,459.27,721.15
1127,Product_1127,Toys,BrandB,383.31,615.76
1128,Product_1128,Home,BrandD,61.0,91.32
1129,Product_1129,Home,BrandD,490.3,806.63
1130,Product_1130,Electronics,BrandC,176.33,339.76
1131,Product_1131,Home,BrandD,531.93,758.55
1132,Product_1132,Home,BrandA,619.51,1086.09
1133,Product_1133,Electronics,BrandC,425.33,810.26
1134,Product_1134,Home,BrandA,456.77,689.9
1135,Product_1135,Grocery,BrandB,763.61,1144.74
1136,Product_1136,Apparel,BrandC,685.38,1125.33
1137,Product_1137,Toys,BrandB,735.68,1200.83
1138,Product_1138,Apparel,BrandC,660.32,1205.7
1139,Product_1139,Electronics,BrandE,131.69,201.33
1140,Product_1140,Beauty,BrandD,161.74,322.92
1141,Product_1141,Toys,BrandE,444.97,513.28
1142,Product_1142,Electronics,BrandB,234.55,258.67
1143,Product_1143,Beauty,BrandD,407.52,683.08
1144,Product_1144,Apparel,BrandC,345.77,473.22
1145,Product_1145,Electronics,BrandD,462.06,608.23
1146,Product_1146,Toys,BrandA,610.16,842.45
1147,Product_1147,Toys,BrandD,586.62,780.46
1148,Product_1148,Sports,BrandA,440.93,497.24
1149,Product_1149,Grocery,BrandD,666.8,1316.52
1150,Product_1150,Home,BrandA,373.15,484.6
1151,Product_1151,Beauty,BrandB,722.54,1272.12
1152,Product_1152,Sports,BrandE,103.46,184.81
1153,Product_1153,Home,BrandC,766.0,1483.23
1154,Product_1154,Home,BrandD,541.02,610.0
1155,Product_1155,Electronics,BrandE,335.06,631.54
1156,Product_1156,Home,BrandC,197.87,311.55
1157,Product_1157,Grocery,BrandC,409.39,683.39
1158,Product_1158,Toys,BrandA,195.92,329.15
1159,Product_1159,Sports,BrandB,174.75,321.16
1160,Product_1160,Home,BrandB,513.01,718.25
1161,Product_1161,Electronics,BrandE,442.31,778.35
1162,Product_1162,Grocery,BrandB,552.57,870.7
1163,Product_1163,Apparel,BrandD,747.2,1355.46
1164,Product_1164,Toys,BrandB,449.2,894.58
1165,Product_1165,Toys,BrandE,485.7,621.98
1166,Product_1166,Sports,BrandB,117.22,233.88
1167,Product_1167,Toys,BrandD,588.23,694.6
1168,Product_1168,Home,BrandA,349.93,385.65
1169,Product_1169,Electronics,BrandE,782.54,891.9
1170,Product_1170,Toys,BrandA,667.38,939.41
1171,Product_1171,Toys,BrandA,441.86,737.74
1172,Product_1172,Apparel,BrandA,142.42,165.51
1173,Product_1173,Apparel,BrandC,694.56,767.56
1174,Product_1174,Beauty,BrandC,649.84,1262.89
1175,Product_1175,Grocery,BrandA,188.44,346.68
1176,Product_1176,Home,BrandE,271.46,496.3
1177,Product_1177,Toys,BrandD,645.06,1223.02
1178,Product_1178,Toys,BrandD,188.92,326.84
1179,Product_1179,Electronics,BrandB,738.31,881.52
1180,Product_1180,Beauty,BrandE,368.4,537.57
1181,Product_1181,Grocery,BrandC,115.28,201.84
1182,Product_1182,Beauty,BrandA,661.81,894.97
1183,Product_1183,Sports,BrandB,330.13,567.38
1184,Product_1184,Grocery,BrandD,444.87,499.17
1185,Product_1185,Toys,BrandC,134.23,184.64
1186,Product_1186,Toys,BrandC,51.94,82.8
1187,Product_1187,Grocery,BrandA,528.49,881.99
1188,Product_1188,Toys,BrandD,436.38,706.65
1189,Product_1189,Home,BrandE,495.15,855.61
1190,Product_1190,Grocery,BrandC,645.31,713.38
1191,Product_1191,Beauty,BrandA,534.95,637.04
1192,Product_1192,Grocery,BrandE,181.08,340.8
1193,Product_1193,Toys,BrandD,320.58,549.34
1194,Product_1194,Home,BrandC,729.42,876.5
1195,Product_1195,Home,BrandE,627.46,1165.74
1196,Product_1196,Sports,BrandE,467.48,616.14
1197,Product_1197,Beauty,BrandE,241.73,369.95
1198,Product_1198,Apparel,BrandC,276.55,340.34
1199,Product_1199,Apparel,BrandC,598.97,1041.67
1200,Product_1200,Grocery,BrandB,688.38,1170.36
1201,Product_1201,Sports,BrandD,553.57,714.11
1202,Product_1202,Electronics,BrandA,657.15,1233.51
1203,Product_1203,Grocery,BrandE,624.99,913.22
1204,Product_1204,Sports,BrandB,162.28,221.23
1205,Product_1205,Beauty,BrandA,367.96,455.2
1206,Product_1206,Beauty,BrandB,164.74,220.68
1207,Product_1207,Beauty,BrandC,226.43,253.56
1208,Product_1208,Beauty,BrandE,701.94,1140.6
1209,Product_1209,Beauty,BrandA,404.67,751.88
1210,Product_1210,Sports,BrandA,451.52,719.76
1211,Product_1211,Sports,BrandA,183.83,238.49
1212,Product_1212,Home,BrandA,284.2,321.23
1213,Product_1213,Apparel,BrandA,222.68,287.96
1214,Product_1214,Toys,BrandB,204.64,301.74
1215,Product_1215,Beauty,BrandE,528.47,942.61
1216,Product_1216,Electronics,BrandC,242.66,307.95
1217,Product_1217,Toys,BrandC,524.01,915.87
1218,Product_1218,Sports,BrandC,93.84,176.44
1219,Product_1219,Electronics,BrandC,156.33,235.83
1220,Product_1220,Electronics,BrandB,255.91,470.69
1221,Product_1221,Electronics,BrandD,497.79,796.06
1222,Product_1222,Home,BrandE,556.88,931.87
1223,Product_1223,Sports,BrandA,382.04,601.2
1224,Product_1224,Electronics,BrandD,384.34,582.99
1225,Product_1225,Beauty,BrandC,593.39,778.05
1226,Product_1226,Grocery,BrandD,61.87,84.94
1227,Product_1227,Electronics,BrandE,305.82,416.21
1228,Product_1228,Home,BrandA,664.03,1067.07
1229,Product_1229,Toys,BrandA,502.41,606.89
1230,Product_1230,Sports,BrandE,302.92,583.16
1231,Product_1231,Home,BrandE,729.14,1274.97
1232,Product_1232,Electronics,BrandC,629.47,919.85
1233,Product_1233,Sports,BrandA,248.67,309.04
1234,Product_1234,Grocery,BrandD,533.97,1011.23
1235,Product_1235,Electronics,BrandB,496.81,914.83
1236,Product_1236,Home,BrandB,350.89,613.9
1237,Product_1237,Apparel,BrandE,325.22,437.22
1238,Product_1238,Beauty,BrandC,307.67,449.88
1239,Product_1239,Toys,BrandB,512.87,611.58
1240,Product_1240,Home,BrandA,381.81,484.95
1241,Product_1241,Sports,BrandE,673.9,1216.2
1242,Product_1242,Electronics,BrandD,552.2,962.78
1243,Product_1243,Beauty,BrandE,102.45,167.42
1244,Product_1244,Electronics,BrandD,530.13,1010.51
1245,Product_1245,Sports,BrandE,253.36,411.69
1246,Product_1246,Electronics,BrandE,494.61,751.94
1247,Product_1247,Apparel,BrandE,560.1,787.69
1248,Product_1248,Beauty,BrandD,223.12,434.28
1249,Product_1249,Beauty,BrandD,392.64,461.13
1250,Product_1250,Sports,BrandE,192.74,373.49
1251,Product_1251,Toys,BrandB,89.25,164.58
1252,Product_1252,Apparel,BrandC,333.86,406.29
1253,Product_1253,Home,BrandC,322.21,518.27
1254,Product_1254,Electronics,BrandC,796.61,1497.54
1255,Product_1255,Grocery,BrandD,384.76,621.24
1256,Product_1256,Electronics,BrandD,300.18,575.29
1257,Product_1257,Electronics,BrandB,485.36,945.81
1258,Product_1258,Home,BrandC,116.58,172.56
1259,Product_1259,Electronics,BrandC,771.25,1110.28
1260,Product_1260,Apparel,BrandE,526.22,1022.28
1261,Product_1261,Apparel,BrandD,616.13,1052.12
1262,Product_1262,Beauty,BrandC,177.86,214.22
1263,Product_1263,Sports,BrandB,357.11,406.41
1264,Product_1264,Toys,BrandB,367.02,590.23
1265,Product_1265,Grocery,BrandC,666.35,1290.82
1266,Product_1266,Electronics,BrandD,50.93,94.72
1267,Product_1267,Electronics,BrandB,275.64,470.87
1268,Product_1268,Home,BrandE,785.93,962.92
1269,Product_1269,Sports,BrandB,406.16,539.71
1270,Product_1270,Apparel,BrandA,336.89,636.03
1271,Product_1271,Grocery,BrandA,139.87,176.87
1272,Product_1272,Beauty,BrandD,780.62,1054.3
1273,Product_1273,Apparel,BrandC,65.02,79.11
1274,Product_1274,Sports,BrandD,602.89,1030.04
1275,Product_1275,Toys,BrandD,626.45,1221.32
1276,Product_1276,Beauty,BrandD,232.74,312.35
1277,Product_1277,Toys,BrandD,553.67,845.93
1278,Product_1278,Home,BrandE,119.7,200.01
1279,Product_1279,Home,BrandE,242.79,485.46
1280,Product_1280,Electronics,BrandB,640.93,765.48
1281,Product_1281,Toys,BrandA,698.51,1081.79
1282,Product_1282,Sports,BrandD,506.36,732.5
1283,Product_1283,Grocery,BrandB,430.13,808.32
1284,Product_1284,Beauty,BrandA,169.48,259.03
1285,Product_1285,Apparel,BrandC,97.33,116.78
1286,Product_1286,Sports,BrandE,138.24,231.0
1287,Product_1287,Sports,BrandA,220.52,395.55
1288,Product_1288,Home,BrandC,306.26,337.68
1289,Product_1289,Toys,BrandA,335.68,628.75
1290,Product_1290,Electronics,BrandE,309.74,392.57
1291,Product_1291,Electronics,BrandE,229.29,366.14
1292,Product_1292,Beauty,BrandB,432.29,637.29
1293,Product_1293,Home,BrandD,668.96,1169.13
1294,Product_1294,Sports,BrandA,259.78,372.54
1295,Product_1295,Grocery,BrandA,756.79,1424.87
1296,Product_1296,Home,BrandC,705.0,1239.0
1297,Product_1297,Beauty,BrandE,171.32,288.32
1298,Product_1298,Beauty,BrandA,639.71,1162.11
1299,Product_1299,Home,BrandE,480.94,855.41
1300,Product_1300,Beauty,BrandA,474.93,537.78
1301,Product_1301,Home,BrandB,343.28,499.56
1302,Product_1302,Apparel,BrandD,425.86,825.2
1303,Product_1303,Home,BrandA,347.88,422.03
1304,Product_1304,Toys,BrandE,454.8,801.99
1305,Product_1305,Home,BrandB,520.96,1030.01
1306,Product_1306,Beauty,BrandA,555.73,637.41
1307,Product_1307,Toys,BrandC,449.36,770.19
1308,Product_1308,Beauty,BrandD,591.07,899.22
1309,Product_1309,Electronics,BrandA,155.96,252.85
1310,Product_1310,Electronics,BrandB,208.99,245.94
1311,Product_1311,Toys,BrandC,664.05,756.16
1312,Product_1312,Apparel,BrandB,291.9,496.28
1313,Product_1313,Electronics,BrandB,67.17,123.66
1314,Product_1314,Home,BrandC,165.34,298.24
1315,Product_1315,Beauty,BrandB,217.71,346.03
1316,Product_1316,Electronics,BrandC,767.99,913.82
1317,Product_1317,Electronics,BrandA,479.78,824.86
1318,Product_1318,Apparel,BrandC,749.55,987.68
1319,Product_1319,Toys,BrandC,481.37,924.21
1320,Product_1320,Toys,BrandD,409.52,759.43
1321,Product_1321,Sports,BrandC,285.3,495.98
1322,Product_1322,Apparel,BrandC,504.78,986.32
1323,Product_1323,Home,BrandA,154.4,174.21
1324,Product_1324,Toys,BrandD,723.7,1275.58
1325,Product_1325,Beauty,BrandE,672.0,938.93
1326,Product_1326,Apparel,BrandA,288.15,551.94
1327,Product_1327,Electronics,BrandA,764.6,1024.57
1328,Product_1328,Beauty,BrandE,668.9,1172.16
1329,Product_1329,Beauty,BrandC,549.73,1038.93
1330,Product_1330,Electronics,BrandB,141.32,160.75
1331,Product_1331,Apparel,BrandD,408.68,595.81
1332,Product_1332,Electronics,BrandB,429.58,767.26
1333,Product_1333,Sports,BrandE,224.41,338.73
1334,Product_1334,Beauty,BrandA,109.97,147.42
1335,Product_1335,Grocery,BrandA,632.54,820.93
1336,Product_1336,Grocery,BrandD,141.53,172.44
1337,Product_1337,Home,BrandA,495.72,927.7
1338,Product_1338,Toys,BrandA,752.34,1217.15
1339,Product_1339,Electronics,BrandD,707.08,826.4
1340,Product_1340,Electronics,BrandD,258.31,373.08
1341,Product_1341,Home,BrandE,688.59,985.34
1342,Product_1342,Home,BrandA,50.25,63.49
1343,Product_1343,Home,BrandA,63.27,94.4
1344,Product_1344,Beauty,BrandE,501.91,702.12
1345,Product_1345,Sports,BrandC,323.6,455.51
1346,Product_1346,Electronics,BrandC,339.85,599.88
1347,Product_1347,Beauty,BrandC,473.33,615.77
1348,Product_1348,Home,BrandE,193.84,325.2
1349,Product_1349,Electronics,BrandA,208.82,336.95
1350,Product_1350,Beauty,BrandE,413.45,666.19
1351,Product_1351,Sports,BrandE,615.69,1044.65
1352,Product_1352,Beauty,BrandC,514.62,820.07
1353,Product_1353,Sports,BrandB,273.02,516.37
1354,Product_1354,Home,BrandA,372.75,636.67
1355,Product_1355,Sports,BrandC,178.0,283.42
1356,Product_1356,Electronics,BrandB,105.97,195.7
1357,Product_1357,Home,BrandB,637.02,1048.24
1358,Product_1358,Electronics,BrandD,249.04,339.2
1359,Product_1359,Grocery,BrandA,183.32,235.82
1360,Product_1360,Apparel,BrandB,568.71,703.55
1361,Product_1361,Sports,BrandC,513.54,980.61
1362,Product_1362,Apparel,BrandD,524.89,912.85
1363,Product_1363,Apparel,BrandA,221.67,430.85
1364,Product_1364,Sports,BrandE,224.48,368.81
1365,Product_1365,Home,BrandC,215.6,329.02
1366,Product_1366,Grocery,BrandB,180.31,208.03
1367,Product_1367,Electronics,BrandB,541.79,923.47
1368,Product_1368,Beauty,BrandC,686.01,1114.07
1369,Product_1369,Electronics,BrandB,593.24,1181.25
1370,Product_1370,Beauty,BrandD,644.07,847.11
1371,Product_1371,Electronics,BrandA,353.6,557.86
1372,Product_1372,Sports,BrandD,540.56,911.31
1373,Product_1373,Grocery,BrandB,315.68,530.38
1374,Product_1374,Beauty,BrandE,444.13,712.9
1375,Product_1375,Toys,BrandA,411.23,739.9
1376,Product_1376,Home,BrandA,182.67,234.64
1377,Product_1377,Electronics,BrandC,340.31,596.59
1378,Product_1378,Electronics,BrandC,772.87,1281.23
1379,Product_1379,Beauty,BrandE,236.44,450.77
1380,Product_1380,Home,BrandA,150.35,280.02
1381,Product_1381,Home,BrandE,363.94,503.56
1382,Product_1382,Sports,BrandC,642.75,866.82
1383,Product_1383,Toys,BrandC,486.61,965.19
1384,Product_1384,Sports,BrandA,560.73,882.89
1385,Product_1385,Sports,BrandD,192.27,368.35
1386,Product_1386,Sports,BrandB,514.21,641.47
1387,Product_1387,Sports,BrandC,292.63,491.19
1388,Product_1388,Sports,BrandC,675.73,1235.83
1389,Product_1389,Grocery,BrandD,521.97,1019.23
1390,Product_1390,Home,BrandD,199.14,279.51
1391,Product_1391,Sports,BrandE,98.46,172.55
1392,Product_1392,Home,BrandE,81.97,129.92
1393,Product_1393,Home,BrandB,328.56,379.34
1394,Product_1394,Apparel,BrandB,249.39,429.2
1395,Product_1395,Grocery,BrandA,534.57,920.04
1396,Product_1396,Sports,BrandE,424.5,822.49
1397,Product_1397,Electronics,BrandC,249.51,386.14
1398,Product_1398,Beauty,BrandE,161.93,211.68
1399,Product_1399,Toys,BrandC,145.4,165.77
1400,Product_1400,Electronics,BrandD,698.5,1029.64
1401,Product_1401,Grocery,BrandE,232.61,319.08
1402,Product_1402,Beauty,BrandD,538.78,961.71
1403,Product_1403,Grocery,BrandB,658.01,933.61
1404,Product_1404,Home,BrandB,510.56,997.72
1405,Product_1405,Beauty,BrandA,694.67,1365.78
1406,Product_1406,Home,BrandE,344.3,571.13
1407,Product_1407,Electronics,BrandD,767.17,1485.08
1408,Product_1408,Electronics,BrandC,149.86,267.47
1409,Product_1409,Beauty,BrandB,126.61,201.59
1410,Product_1410,Beauty,BrandB,544.02,686.7
1411,Product_1411,Sports,BrandC,757.12,1145.32
1412,Product_1412,Grocery,BrandD,656.66,1053.8
1413,Product_1413,Sports,BrandD,107.31,201.48
1414,Product_1414,Grocery,BrandE,259.53,397.91
1415,Product_1415,Sports,BrandE,747.74,1426.62
1416,Product_1416,Home,BrandA,239.79,409.3
1417,Product_1417,Beauty,BrandB,635.88,777.87
1418,Product_1418,Electronics,BrandE,668.85,1334.68
1419,Product_1419,Grocery,BrandD,421.59,663.8
1420,Product_1420,Grocery,BrandC,339.76,493.56
1421,Product_1421,Electronics,BrandD,387.59,656.27
1422,Product_1422,Sports,BrandB,220.22,263.82
1423,Product_1423,Grocery,BrandD,717.04,1199.53
1424,Product_1424,Toys,BrandA,387.96,600.72
1425,Product_1425,Home,BrandB,711.84,1043.56
1426,Product_1426,Beauty,BrandC,129.27,253.07
1427,Product_1427,Electronics,BrandA,791.21,1242.43
1428,Product_1428,Beauty,BrandB,382.45,496.12
1429,Product_1429,Toys,BrandC,85.87,129.93
1430,Product_1430,Grocery,BrandA,78.52,151.34
1431,Product_1431,Grocery,BrandA,609.66,767.25
1432,Product_1432,Toys,BrandB,544.28,703.52
1433,Product_1433,Electronics,BrandE,651.6,724.4
1434,Product_1434,Home,BrandA,129.03,143.58
1435,Product_1435,Apparel,BrandA,76.68,141.59
1436,Product_1436,Electronics,BrandC,431.43,758.85
1437,Product_1437,Apparel,BrandD,340.7,483.64
1438,Product_1438,Toys,BrandB,396.46,685.27
1439,Product_1439,Sports,BrandB,793.69,1155.36
1440,Product_1440,Apparel,BrandE,778.06,1523.14
1441,Product_1441,Home,BrandE,756.74,1491.04
1442,Product_1442,Sports,BrandB,637.88,927.17
1443,Product_1443,Apparel,BrandE,316.13,590.78
1444,Product_1444,Toys,BrandC,359.1,644.86
1445,Product_1445,Sports,BrandB,462.21,637.39
1446,Product_1446,Toys,BrandE,672.9,880.72
1447,Product_1447,Apparel,BrandB,101.53,153.56
1448,Product_1448,Toys,BrandD,368.22,663.98
1449,Product_1449,Home,BrandA,111.96,219.91
1450,Product_1450,Apparel,BrandB,435.99,779.21
1451,Product_1451,Apparel,BrandA,724.18,1353.99
1452,Product_1452,Apparel,BrandE,636.86,1046.21
1453,Product_1453,Electronics,BrandA,220.88,409.04
1454,Product_1454,Electronics,BrandB,781.99,1412.26
1455,Product_1455,Electronics,BrandD,550.51,792.34
1456,Product_1456,Home,BrandE,57.82,92.33
1457,Product_1457,Sports,BrandB,241.56,440.67
1458,Product_1458,Toys,BrandE,245.53,280.26
1459,Product_1459,Grocery,BrandC,101.94,186.27
1460,Product_1460,Apparel,BrandA,769.87,970.11
1461,Product_1461,Toys,BrandC,408.69,638.87
1462,Product_1462,Apparel,BrandB,721.86,1319.16
1463,Product_1463,Home,BrandD,291.66,387.45
1464,Product_1464,Apparel,BrandE,143.93,190.16
1465,Product_1465,Electronics,BrandA,405.75,593.4
1466,Product_1466,Grocery,BrandE,135.47,258.09
1467,Product_1467,Beauty,BrandB,414.51,456.13
1468,Product_1468,Apparel,BrandE,740.22,1414.74
1469,Product_1469,Toys,BrandA,440.58,545.63
1470,Product_1470,Electronics,BrandB,512.37,1020.17
1471,Product_1471,Beauty,BrandE,167.48,328.15
1472,Product_1472,Grocery,BrandD,82.8,127.94
1473,Product_1473,Beauty,BrandB,133.11,207.84
1474,Product_1474,Electronics,BrandB,498.9,765.01
1475,Product_1475,Sports,BrandD,121.26,202.73
1476,Product_1476,Sports,BrandC,331.99,392.3
1477,Product_1477,Beauty,BrandA,462.57,522.41
1478,Product_1478,Home,BrandC,341.49,393.37
1479,Product_1479,Toys,BrandE,172.76,259.13
1480,Product_1480,Toys,BrandD,255.34,344.2
1481,Product_1481,Beauty,BrandC,746.24,1238.64
1482,Product_1482,Apparel,BrandB,556.99,1110.19
1483,Product_1483,Apparel,BrandE,422.04,610.98
1484,Product_1484,Toys,BrandE,59.54,96.24
1485,Product_1485,Toys,BrandC,794.31,1170.85
1486,Product_1486,Sports,BrandC,553.59,1031.09
1487,Product_1487,Home,BrandD,287.69,550.07
1488,Product_1488,Electronics,BrandA,709.45,1340.59
1489,Product_1489,Apparel,BrandC,243.82,482.02
1490,Product_1490,Toys,BrandC,458.01,515.15
1491,Product_1491,Sports,BrandB,527.05,978.12
1492,Product_1492,Grocery,BrandE,215.8,383.39
1493,Product_1493,Sports,BrandA,783.8,1023.51
1494,Product_1494,Apparel,BrandB,611.14,1198.25
1495,Product_1495,Apparel,BrandD,468.36,577.66
1496,Product_1496,Sports,BrandD,185.45,317.42
1497,Product_1497,Electronics,BrandC,90.39,117.72
1498,Product_1498,Beauty,BrandC,290.04,431.65
1499,Product_1499,Apparel,BrandD,614.89,1074.36
1500,Product_1500,Sports,BrandC,252.0,404.96
1501,Product_1501,Toys,BrandA,454.67,675.07
1502,Product_1502,Sports,BrandC,595.96,830.59
1503,Product_1503,Home,BrandE,130.96,243.02
1504,Product_1504,Beauty,BrandC,563.97,693.36
1505,Product_1505,Grocery,BrandB,118.9,176.82
1506,Product_1506,Electronics,BrandA,773.85,1480.67
1507,Product_1507,Grocery,BrandB,416.3,774.84
1508,Product_1508,Beauty,BrandB,163.01,238.13
1509,Product_1509,Beauty,BrandE,306.79,548.17
1510,Product_1510,Beauty,BrandA,360.06,662.81
1511,Product_1511,Grocery,BrandA,618.64,1175.42
1512,Product_1512,Toys,BrandA,607.57,966.07
1513,Product_1513,Beauty,BrandA,508.96,653.51
1514,Product_1514,Sports,BrandA,129.45,172.14
1515,Product_1515,Grocery,BrandE,163.68,223.61
1516,Product_1516,Beauty,BrandC,120.32,196.65
1517,Product_1517,Sports,BrandB,482.88,545.43
1518,Product_1518,Toys,BrandA,707.85,1183.84
1519,Product_1519,Home,BrandC,375.35,535.97
1520,Product_1520,Toys,BrandC,170.64,233.05
1521,Product_1521,Beauty,BrandB,468.53,886.25
1522,Product_1522,Grocery,BrandE,658.81,997.44
1523,Product_1523,Apparel,BrandD,606.28,718.77
1524,Product_1524,Beauty,BrandD,711.09,1311.3
1525,Product_1525,Apparel,BrandC,258.43,295.35
1526,Product_1526,Sports,BrandB,195.47,342.87
1527,Product_1527,Home,BrandD,709.86,1275.27
1528,Product_1528,Electronics,BrandC,543.17,769.86
1529,Product_1529,Toys,BrandE,283.2,521.74
1530,Product_1530,Home,BrandD,606.76,949.03
1531,Product_1531,Beauty,BrandC,661.34,1003.23
1532,Product_1532,Apparel,BrandC,511.23,583.24
1533,Product_1533,Toys,BrandA,565.91,770.22
1534,Product_1534,Apparel,BrandE,331.44,642.3
1535,Product_1535,Grocery,BrandA,454.02,659.53
1536,Product_1536,Apparel,BrandB,443.12,705.46
1537,Product_1537,Grocery,BrandA,686.04,1083.13
1538,Product_1538,Sports,BrandA,679.97,1109.29
1539,Product_1539,Toys,BrandD,674.51,779.19
1540,Product_1540,Toys,BrandC,58.27,83.09
1541,Product_1541,Electronics,BrandE,612.16,1071.78
1542,Product_1542,Beauty,BrandA,619.01,792.64
1543,Product_1543,Grocery,BrandE,558.78,717.04
1544,Product_1544,Electronics,BrandA,617.2,684.53
1545,Product_1545,Apparel,BrandB,681.48,1017.95
1546,Product_1546,Apparel,BrandA,402.74,762.98
1547,Product_1547,Electronics,BrandD,426.54,489.12
1548,Product_1548,Toys,BrandC,143.54,182.58
1549,Product_1549,Apparel,BrandB,339.03,467.55
1550,Product_1550,Sports,BrandA,532.52,936.46
1551,Product_1551,Sports,BrandE,635.3,1065.13
1552,Product_1552,Electronics,BrandB,212.91,313.9
1553,Product_1553,Grocery,BrandB,153.37,273.48
1554,Product_1554,Grocery,BrandA,547.28,902.28
1555,Product_1555,Electronics,BrandB,51.41,98.01
1556,Product_1556,Grocery,BrandE,183.78,337.46
1557,Product_1557,Toys,BrandB,71.8,95.32
1558,Product_1558,Toys,BrandE,175.16,235.47
1559,Product_1559,Grocery,BrandA,185.99,225.57
1560,Product_1560,Sports,BrandC,340.76,478.18
1561,Product_1561,Grocery,BrandB,351.75,703.36
1562,Product_1562,Toys,BrandC,705.7,1033.97
1563,Product_1563,Home,BrandE,432.58,561.68
1564,Product_1564,Beauty,BrandB,592.55,1058.43
1565,Product_1565,Apparel,BrandD,128.1,203.45
1566,Product_1566,Home,BrandC,219.08,270.49
1567,Product_1567,Grocery,BrandB,577.21,832.7
1568,Product_1568,Sports,BrandC,89.6,131.98
1569,Product_1569,Electronics,BrandB,414.95,737.97
1570,Product_1570,Grocery,BrandA,499.53,558.78
1571,Product_1571,Sports,BrandC,501.61,673.22
1572,Product_1572,Beauty,BrandD,67.2,105.22
1573,Product_1573,Grocery,BrandD,291.58,391.29
1574,Product_1574,Toys,BrandE,527.37,878.38
1575,Product_1575,Electronics,BrandB,161.75,248.07
1576,Product_1576,Sports,BrandC,571.56,814.78
1577,Product_1577,Sports,BrandE,609.44,1191.02
1578,Product_1578,Sports,BrandC,786.48,1312.59
1579,Product_1579,Beauty,BrandB,207.38,252.37
1580,Product_1580,Grocery,BrandD,668.85,1072.89
1581,Product_1581,Beauty,BrandA,440.22,793.57
1582,Product_1582,Apparel,BrandD,330.1,573.6
1583,Product_1583,Apparel,BrandE,141.78,177.92
1584,Product_1584,Grocery,BrandA,601.63,1188.33
1585,Product_1585,Toys,BrandE,226.89,341.23
1586,Product_1586,Beauty,BrandB,328.57,408.45
1587,Product_1587,Electronics,BrandA,96.91,122.32
1588,Product_1588,Sports,BrandE,651.03,773.69
1589,Product_1589,Sports,BrandB,624.94,1139.37
1590,Product_1590,Grocery,BrandD,600.21,726.15
1591,Product_1591,Toys,BrandB,274.58,332.96
1592,Product_1592,Apparel,BrandC,180.11,335.98
1593,Product_1593,Apparel,BrandB,528.16,744.78
1594,Product_1594,Sports,BrandB,422.12,476.06
1595,Product_1595,Grocery,BrandC,183.69,210.64
1596,Product_1596,Beauty,BrandE,564.43,693.09
1597,Product_1597,Apparel,BrandE,793.34,1025.04
1598,Product_1598,Beauty,BrandB,610.41,1036.86
1599,Product_1599,Toys,BrandC,604.99,751.15
1600,Product_1600,Apparel,BrandC,762.73,920.61
1601,Product_1601,Apparel,BrandD,202.2,361.58
1602,Product_1602,Home,BrandE,474.16,807.94
1603,Product_1603,Apparel,BrandA,784.74,1170.67
1604,Product_1604,Electronics,BrandE,173.97,277.37
1605,Product_1605,Grocery,BrandE,575.19,794.21
1606,Product_1606,Grocery,BrandD,489.36,750.8
1607,Product_1607,Beauty,BrandA,489.86,762.22
1608,Product_1608,Toys,BrandD,573.25,830.36
1609,Product_1609,Apparel,BrandA,747.21,1431.59
1610,Product_1610,Electronics,BrandB,636.94,709.84
1611,Product_1611,Beauty,BrandA,92.1,166.14
1612,Product_1612,Home,BrandD,689.55,835.7
1613,Product_1613,Beauty,BrandE,219.16,398.39
1614,Product_1614,Beauty,BrandA,332.69,550.38
1615,Product_1615,Apparel,BrandA,396.3,736.7
1616,Product_1616,Home,BrandC,410.68,487.79
1617,Product_1617,Beauty,BrandE,376.39,603.38
1618,Product_1618,Electronics,BrandB,753.01,1167.9
1619,Product_1619,Electronics,BrandD,579.51,1005.78
1620,Product_1620,Grocery,BrandB,523.38,827.39
1621,Product_1621,Home,BrandE,87.38,138.64
1622,Product_1622,Home,BrandA,727.93,1082.17
1623,Product_1623,Grocery,BrandA,732.04,1008.72
1624,Product_1624,Beauty,BrandE,635.16,974.36
1625,Product_1625,Home,BrandA,55.27,66.69
1626,Product_1626,Electronics,BrandA,92.96,182.7
1627,Product_1627,Electronics,BrandA,218.92,381.57
1628,Product_1628,Apparel,BrandD,148.51,290.67
1629,Product_1629,Home,BrandD,349.13,455.28
1630,Product_1630,Beauty,BrandC,741.97,1403.37
1631,Product_1631,Grocery,BrandB,404.05,738.57
1632,Product_1632,Grocery,BrandE,60.05,102.65
1633,Product_1633,Beauty,BrandE,262.06,435.68
1634,Product_1634,Toys,BrandE,83.45,115.57
1635,Product_1635,Sports,BrandC,77.22,141.68
1636,Product_1636,Apparel,BrandD,256.79,398.37
1637,Product_1637,Grocery,BrandC,256.71,298.76
1638,Product_1638,Home,BrandE,640.34,884.68
1639,Product_1639,Apparel,BrandB,781.13,1516.77
1640,Product_1640,Home,BrandA,328.41,612.69
1641,Product_1641,Toys,BrandD,371.67,737.29
1642,Product_1642,Electronics,BrandD,683.59,1138.31
1643,Product_1643,Apparel,BrandC,251.1,332.14
1644,Product_1644,Grocery,BrandD,167.29,208.53
1645,Product_1645,Apparel,BrandE,689.82,874.85
1646,Product_1646,Apparel,BrandE,84.88,94.88
1647,Product_1647,Apparel,BrandC,514.77,747.25
1648,Product_1648,Sports,BrandE,471.49,599.87
1649,Product_1649,Apparel,BrandB,309.44,455.03
1650,Product_1650,Home,BrandC,286.39,556.02
1651,Product_1651,Electronics,BrandB,628.89,935.47
1652,Product_1652,Toys,BrandA,114.82,217.03
1653,Product_1653,Beauty,BrandB,227.59,374.38
1654,Product_1654,Apparel,BrandA,599.34,792.58
1655,Product_1655,Grocery,BrandA,461.24,655.09
1656,Product_1656,Apparel,BrandB,145.99,171.62
1657,Product_1657,Grocery,BrandC,711.6,996.32
1658,Product_1658,Home,BrandE,345.09,590.03
1659,Product_1659,Grocery,BrandE,670.9,781.53
1660,Product_1660,Beauty,BrandA,640.78,823.31
1661,Product_1661,Electronics,BrandA,518.32,748.09
1662,Product_1662,Grocery,BrandC,420.86,834.92
1663,Product_1663,Grocery,BrandD,784.66,1417.39
1664,Product_1664,Electronics,BrandB,158.72,279.37
1665,Product_1665,Beauty,BrandA,593.87,715.36
1666,Product_1666,Apparel,BrandE,193.39,348.66
1667,Product_1667,Grocery,BrandC,303.7,548.71
1668,Product_1668,Electronics,BrandB,281.52,461.97
1669,Product_1669,Home,BrandC,760.28,1513.97
1670,Product_1670,Electronics,BrandB,775.52,1080.09
1671,Product_1671,Home,BrandB,187.26,364.62
1672,Product_1672,Beauty,BrandA,66.53,127.95
1673,Product_1673,Apparel,BrandC,590.01,655.11
1674,Product_1674,Electronics,BrandC,363.49,547.09
1675,Product_1675,Toys,BrandE,116.63,230.86
1676,Product_1676,Toys,BrandE,562.82,671.34
1677,Product_1677,Sports,BrandA,458.83,730.92
1678,Product_1678,Grocery,BrandA,785.39,1555.91
1679,Product_1679,Beauty,BrandD,220.56,352.88
1680,Product_1680,Electronics,BrandE,352.98,448.58
1681,Product_1681,Toys,BrandB,456.91,742.01
1682,Product_1682,Grocery,BrandC,643.77,826.6
1683,Product_1683,Toys,BrandA,461.63,723.71
1684,Product_1684,Electronics,BrandC,509.68,594.61
1685,Product_1685,Home,BrandC,219.61,361.24
1686,Product_1686,Electronics,BrandD,685.19,1072.4
1687,Product_1687,Sports,BrandE,371.47,656.07
1688,Product_1688,Electronics,BrandA,155.72,259.68
1689,Product_1689,Electronics,BrandC,548.14,874.09
1690,Product_1690,Sports,BrandA,212.07,364.93
1691,Product_1691,Beauty,BrandB,123.17,151.44
1692,Product_1692,Electronics,BrandD,696.49,1139.33
1693,Product_1693,Sports,BrandB,395.12,495.84
1694,Product_1694,Grocery,BrandA,611.96,1182.9
1695,Product_1695,Home,BrandA,267.94,311.21
1696,Product_1696,Home,BrandE,640.23,952.24
1697,Product_1697,Electronics,BrandC,133.95,231.23
1698,Product_1698,Beauty,BrandC,316.98,479.34
1699,Product_1699,Beauty,BrandB,783.55,926.85
1700,Product_1700,Grocery,BrandD,645.49,1031.52
1701,Product_1701,Electronics,BrandC,422.94,709.47
1702,Product_1702,Home,BrandE,304.83,528.4
1703,Product_1703,Beauty,BrandB,704.1,1011.04
1704,Product_1704,Electronics,BrandB,458.64,737.17
1705,Product_1705,Toys,BrandE,618.82,931.71
1706,Product_1706,Beauty,BrandD,615.58,1049.47
1707,Product_1707,Sports,BrandE,63.46,103.14
1708,Product_1708,Toys,BrandD,144.69,227.62
1709,Product_1709,Beauty,BrandE,544.72,721.52
1710,Product_1710,Home,BrandE,171.21,188.64
1711,Product_1711,Apparel,BrandA,241.62,303.64
1712,Product_1712,Toys,BrandB,759.98,916.05
1713,Product_1713,Grocery,BrandE,470.14,707.17
1714,Product_1714,Grocery,BrandE,613.05,1012.17
1715,Product_1715,Home,BrandC,468.49,605.18
1716,Product_1716,Beauty,BrandB,464.39,903.31
1717,Product_1717,Electronics,BrandC,120.61,133.4
1718,Product_1718,Beauty,BrandB,307.75,552.43
1719,Product_1719,Home,BrandC,261.82,435.32
1720,Product_1720,Grocery,BrandE,343.05,492.69
1721,Product_1721,Beauty,BrandE,648.76,743.12
1722,Product_1722,Grocery,BrandA,328.95,547.62
1723,Product_1723,Toys,BrandC,388.77,562.57
1724,Product_1724,Electronics,BrandD,348.04,676.12
1725,Product_1725,Toys,BrandA,120.06,190.63
1726,Product_1726,Grocery,BrandC,380.8,740.92
1727,Product_1727,Grocery,BrandC,196.71,255.42
1728,Product_1728,Apparel,BrandA,190.04,333.17
1729,Product_1729,Apparel,BrandE,120.53,199.54
1730,Product_1730,Toys,BrandC,317.5,560.54
1731,Product_1731,Sports,BrandE,618.11,799.34
1732,Product_1732,Toys,BrandA,257.33,437.07
1733,Product_1733,Apparel,BrandE,284.26,440.1
1734,Product_1734,Grocery,BrandB,532.01,940.88
1735,Product_1735,Home,BrandD,196.88,274.52
1736,Product_1736,Toys,BrandC,722.72,1373.93
1737,Product_1737,Grocery,BrandD,440.14,517.55
1738,Product_1738,Home,BrandE,385.7,704.47
1739,Product_1739,Home,BrandC,468.37,878.28
1740,Product_1740,Apparel,BrandE,174.53,320.35
1741,Product_1741,Toys,BrandB,510.1,796.5
1742,Product_1742,Beauty,BrandA,322.33,481.74
1743,Product_1743,Electronics,BrandC,722.89,1443.35
1744,Product_1744,Apparel,BrandB,176.64,230.74
1745,Product_1745,Apparel,BrandB,430.29,685.1
1746,Product_1746,Beauty,BrandC,498.58,849.38
1747,Product_1747,Electronics,BrandE,75.04,129.88
1748,Product_1748,Grocery,BrandB,322.77,414.31
1749,Product_1749,Sports,BrandD,599.48,1012.28
1750,Product_1750,Toys,BrandB,665.28,1221.81
1751,Product_1751,Sports,BrandE,284.87,326.18
1752,Product_1752,Grocery,BrandE,648.94,1246.2
1753,Product_1753,Apparel,BrandD,775.82,874.0
1754,Product_1754,Electronics,BrandB,692.66,983.84
1755,Product_1755,Apparel,BrandE,138.23,154.02
1756,Product_1756,Home,BrandC,604.8,707.27
1757,Product_1757,Apparel,BrandA,289.75,556.33
1758,Product_1758,Apparel,BrandA,791.31,1123.17
1759,Product_1759,Grocery,BrandA,414.02,613.7
1760,Product_1760,Grocery,BrandB,141.83,183.5
1761,Product_1761,Grocery,BrandD,593.89,972.43
1762,Product_1762,Sports,BrandE,292.26,477.94
1763,Product_1763,Home,BrandC,797.81,1144.84
1764,Product_1764,Grocery,BrandC,784.84,1098.57
1765,Product_1765,Electronics,BrandB,542.1,1028.08
1766,Product_1766,Sports,BrandA,147.37,212.94
1767,Product_1767,Beauty,BrandB,565.15,872.68
1768,Product_1768,Electronics,BrandD,119.77,162.29
1769,Product_1769,Toys,BrandD,72.02,130.22
1770,Product_1770,Toys,BrandE,667.22,972.61
1771,Product_1771,Electronics,BrandE,207.31,323.87
1772,Product_1772,Grocery,BrandD,334.27,443.92
1773,Product_1773,Beauty,BrandD,780.09,1551.52
1774,Product_1774,Beauty,BrandD,302.63,412.29
1775,Product_1775,Sports,BrandB,272.37,488.54
1776,Product_1776,Beauty,BrandD,738.66,1096.72
1777,Product_1777,Toys,BrandC,133.06,171.06
1778,Product_1778,Home,BrandA,619.69,1127.68
1779,Product_1779,Grocery,BrandD,791.05,1107.66
1780,Product_1780,Beauty,BrandA,725.97,1363.86
1781,Product_1781,Sports,BrandB,538.75,1036.41
1782,Product_1782,Toys,BrandA,285.55,535.08
1783,Product_1783,Home,BrandB,240.74,272.4
1784,Product_1784,Apparel,BrandC,664.44,1201.73
1785,Product_1785,Apparel,BrandB,709.87,1043.65
1786,Product_1786,Home,BrandB,444.08,837.69
1787,Product_1787,Toys,BrandE,233.25,390.5
1788,Product_1788,Sports,BrandD,134.71,249.25
1789,Product_1789,Home,BrandD,115.38,178.78
1790,Product_1790,Grocery,BrandC,589.31,932.01
1791,Product_1791,Grocery,BrandC,365.09,449.04
1792,Product_1792,Apparel,BrandD,729.02,1316.31
1793,Product_1793,Beauty,BrandE,604.75,893.49
1794,Product_1794,Sports,BrandD,193.45,299.86
1795,Product_1795,Apparel,BrandE,510.33,921.96
1796,Product_1796,Beauty,BrandC,376.63,617.28
1797,Product_1797,Beauty,BrandA,482.94,618.64
1798,Product_1798,Grocery,BrandC,603.55,984.52
1799,Product_1799,Toys,BrandC,654.65,960.29
1800,Product_1800,Electronics,BrandB,682.8,1039.61
1801,Product_1801,Toys,BrandB,240.48,270.66
1802,Product_1802,Electronics,BrandB,73.34,94.54
1803,Product_1803,Home,BrandB,604.47,817.81
1804,Product_1804,Grocery,BrandE,129.76,226.0
1805,Product_1805,Beauty,BrandD,286.19,317.77
1806,Product_1806,Sports,BrandA,52.86,77.59
1807,Product_1807,Electronics,BrandC,561.25,1084.12
1808,Product_1808,Toys,BrandE,175.35,210.54
1809,Product_1809,Beauty,BrandA,541.46,847.27
1810,Product_1810,Electronics,BrandE,793.81,1435.11
1811,Product_1811,Electronics,BrandE,104.5,203.6
1812,Product_1812,Electronics,BrandC,107.81,191.05
1813,Product_1813,Sports,BrandD,305.29,533.8
1814,Product_1814,Grocery,BrandB,699.79,1290.3
1815,Product_1815,Sports,BrandD,211.65,317.81
1816,Product_1816,Apparel,BrandC,320.28,584.59
1817,Product_1817,Beauty,BrandC,101.38,112.24
1818,Product_1818,Grocery,BrandC,622.37,1202.48
1819,Product_1819,Grocery,BrandA,356.23,533.98
1820,Product_1820,Grocery,BrandD,619.44,989.89
1821,Product_1821,Toys,BrandD,727.71,967.41
1822,Product_1822,Grocery,BrandE,224.57,397.1
1823,Product_1823,Sports,BrandE,655.55,766.32
1824,Product_1824,Grocery,BrandE,94.32,177.83
1825,Product_1825,Home,BrandC,724.14,1336.26
1826,Product_1826,Beauty,BrandD,538.08,696.52
1827,Product_1827,Grocery,BrandC,705.67,1290.24
1828,Product_1828,Beauty,BrandA,50.14,90.64
1829,Product_1829,Home,BrandE,176.81,295.09
1830,Product_1830,Home,BrandC,342.32,491.63
1831,Product_1831,Beauty,BrandC,334.63,449.86
1832,Product_1832,Electronics,BrandA,220.05,287.96
1833,Product_1833,Apparel,BrandB,336.21,466.24
1834,Product_1834,Toys,BrandD,146.64,280.55
1835,Product_1835,Electronics,BrandB,359.57,420.65
1836,Product_1836,Electronics,BrandE,651.77,1203.16
1837,Product_1837,Sports,BrandC,409.3,578.75
1838,Product_1838,Toys,BrandA,63.5,99.66
1839,Product_1839,Toys,BrandA,366.08,664.45
1840,Product_1840,Electronics,BrandD,70.38,133.44
1841,Product_1841,Grocery,BrandB,774.68,1092.53
1842,Product_1842,Sports,BrandD,145.59,220.66
1843,Product_1843,Sports,BrandC,580.77,855.51
1844,Product_1844,Home,BrandD,779.58,866.84
1845,Product_1845,Toys,BrandA,669.53,914.81
1846,Product_1846,Electronics,BrandA,574.49,869.36
1847,Product_1847,Home,BrandE,679.6,999.0
1848,Product_1848,Beauty,BrandE,786.35,1375.91
1849,Product_1849,Apparel,BrandC,516.01,746.32
1850,Product_1850,Sports,BrandB,469.39,723.07
1851,Product_1851,Beauty,BrandD,521.18,774.81
1852,Product_1852,Beauty,BrandC,449.51,794.09
1853,Product_1853,Grocery,BrandE,526.32,987.73
1854,Product_1854,Apparel,BrandD,387.38,611.56
1855,Product_1855,Beauty,BrandE,213.83,387.14
1856,Product_1856,Beauty,BrandD,140.19,191.65
1857,Product_1857,Apparel,BrandB,101.26,160.72
1858,Product_1858,Apparel,BrandC,247.49,349.14
1859,Product_1859,Beauty,BrandD,84.59,124.58
1860,Product_1860,Apparel,BrandA,475.38,836.28
1861,Product_1861,Beauty,BrandA,262.87,497.74
1862,Product_1862,Beauty,BrandD,668.4,808.33
1863,Product_1863,Grocery,BrandD,105.68,176.61
1864,Product_1864,Electronics,BrandD,219.76,356.87
1865,Product_1865,Beauty,BrandA,597.68,721.14
1866,Product_1866,Home,BrandA,499.11,644.2
1867,Product_1867,Sports,BrandD,98.37,135.74
1868,Product_1868,Toys,BrandE,707.93,885.08
1869,Product_1869,Electronics,BrandE,707.95,934.04
1870,Product_1870,Electronics,BrandB,297.81,399.32
1871,Product_1871,Electronics,BrandC,305.3,428.06
1872,Product_1872,Grocery,BrandE,791.77,1404.96
1873,Product_1873,Beauty,BrandA,519.63,839.06
1874,Product_1874,Grocery,BrandE,448.49,891.43
1875,Product_1875,Beauty,BrandB,678.61,999.77
1876,Product_1876,Grocery,BrandB,263.97,469.46
1877,Product_1877,Grocery,BrandC,371.89,700.76
1878,Product_1878,Sports,BrandE,250.83,429.19
1879,Product_1879,Home,BrandA,641.87,943.98
1880,Product_1880,Grocery,BrandA,480.01,853.57
1881,Product_1881,Sports,BrandD,544.12,698.27
1882,Product_1882,Apparel,BrandA,239.23,333.68
1883,Product_1883,Home,BrandC,215.17,342.55
1884,Product_1884,Grocery,BrandC,416.28,673.49
1885,Product_1885,Toys,BrandA,603.17,675.51
1886,Product_1886,Electronics,BrandA,443.93,865.93
1887,Product_1887,Apparel,BrandD,74.48,128.62
1888,Product_1888,Apparel,BrandA,701.41,1084.47
1889,Product_1889,Sports,BrandD,98.52,191.11
1890,Product_1890,Apparel,BrandD,766.87,1146.61
1891,Product_1891,Home,BrandA,68.86,136.51
1892,Product_1892,Grocery,BrandB,570.84,891.11
1893,Product_1893,Grocery,BrandB,111.66,134.31
1894,Product_1894,Toys,BrandD,733.01,1310.86
1895,Product_1895,Electronics,BrandA,398.32,681.53
1896,Product_1896,Sports,BrandB,153.14,274.99
1897,Product_1897,Electronics,BrandA,305.61,597.86
1898,Product_1898,Apparel,BrandA,173.62,312.31
1899,Product_1899,Toys,BrandA,177.94,293.64
1900,Product_1900,Electronics,BrandE,761.08,1424.42
1901,Product_1901,Home,BrandA,383.93,654.95
1902,Product_1902,Grocery,BrandE,641.6,941.42
1903,Product_1903,Apparel,BrandD,529.7,1004.87
1904,Product_1904,Toys,BrandB,557.32,724.35
1905,Product_1905,Electronics,BrandB,148.77,259.33
1906,Product_1906,Sports,BrandB,225.64,427.23
1907,Product_1907,Home,BrandB,640.06,1125.34
1908,Product_1908,Home,BrandB,778.07,1344.15
1909,Product_1909,Electronics,BrandB,247.01,439.03
1910,Product_1910,Grocery,BrandB,253.68,385.23
1911,Product_1911,Electronics,BrandD,404.67,763.51
1912,Product_1912,Apparel,BrandA,787.88,1010.92
1913,Product_1913,Electronics,BrandC,251.72,305.75
1914,Product_1914,Home,BrandE,355.23,482.03
1915,Product_1915,Toys,BrandC,718.61,1134.27
1916,Product_1916,Electronics,BrandC,52.19,81.39
1917,Product_1917,Grocery,BrandA,79.82,146.75
1918,Product_1918,Toys,BrandA,503.05,736.52
1919,Product_1919,Sports,BrandA,730.54,1122.04
1920,Product_1920,Beauty,BrandB,229.14,254.81
1921,Product_1921,Electronics,BrandD,402.23,590.78
1922,Product_1922,Grocery,BrandB,387.85,652.75
1923,Product_1923,Toys,BrandD,404.73,450.85
1924,Product_1924,Grocery,BrandD,516.89,699.25
1925,Product_1925,Sports,BrandC,402.31,517.84
1926,Product_1926,Home,BrandC,385.6,438.73
1927,Product_1927,Grocery,BrandD,405.72,621.29
1928,Product_1928,Toys,BrandD,493.15,623.12
1929,Product_1929,Grocery,BrandB,452.76,800.83
1930,Product_1930,Grocery,BrandB,690.6,1286.68
1931,Product_1931,Grocery,BrandC,87.12,138.61
1932,Product_1932,Apparel,BrandA,674.99,1338.87
1933,Product_1933,Apparel,BrandD,682.94,1028.12
1934,Product_1934,Home,BrandB,263.68,411.88
1935,Product_1935,Electronics,BrandC,397.14,790.43
1936,Product_1936,Grocery,BrandB,378.9,495.75
1937,Product_1937,Sports,BrandD,213.88,416.7
1938,Product_1938,Electronics,BrandD,347.6,395.76
1939,Product_1939,Sports,BrandE,83.29,125.08
1940,Product_1940,Electronics,BrandA,258.37,300.49
1941,Product_1941,Home,BrandE,662.51,1163.57
1942,Product_1942,Grocery,BrandC,263.42,434.0
1943,Product_1943,Grocery,BrandB,663.66,1152.09
1944,Product_1944,Beauty,BrandC,448.7,644.8
1945,Product_1945,Sports,BrandD,709.9,1016.96
1946,Product_1946,Electronics,BrandE,481.08,548.81
1947,Product_1947,Electronics,BrandE,72.25,102.23
1948,Product_1948,Apparel,BrandE,556.57,1077.72
1949,Product_1949,Beauty,BrandC,83.64,120.55
1950,Product_1950,Toys,BrandD,387.95,717.02
1951,Product_1951,Toys,BrandB,747.07,1388.13
1952,Product_1952,Apparel,BrandB,173.9,249.71
1953,Product_1953,Apparel,BrandC,342.4,571.39
1954,Product_1954,Apparel,BrandE,597.4,708.42
1955,Product_1955,Sports,BrandA,711.69,849.27
1956,Product_1956,Sports,BrandC,553.21,632.76
1957,Product_1957,Home,BrandC,243.63,395.39
1958,Product_1958,Home,BrandD,555.96,824.75
1959,Product_1959,Apparel,BrandB,272.55,434.23
1960,Product_1960,Beauty,BrandC,588.82,923.84
1961,Product_1961,Electronics,BrandC,765.52,1083.35
1962,Product_1962,Sports,BrandE,591.05,1010.53
1963,Product_1963,Beauty,BrandE,697.16,1242.79
1964,Product_1964,Grocery,BrandA,51.58,57.42
1965,Product_1965,Sports,BrandD,588.18,756.7
1966,Product_1966,Sports,BrandA,672.19,1170.9
1967,Product_1967,Home,BrandE,80.42,116.44
1968,Product_1968,Electronics,BrandB,703.7,1193.64
1969,Product_1969,Electronics,BrandE,242.52,342.5
1970,Product_1970,Toys,BrandD,548.97,796.93
1971,Product_1971,Toys,BrandE,650.27,808.16
1972,Product_1972,Toys,BrandD,547.0,728.83
1973,Product_1973,Toys,BrandD,119.21,196.09
1974,Product_1974,Grocery,BrandD,497.24,740.81
1975,Product_1975,Grocery,BrandD,462.19,830.5
1976,Product_1976,Sports,BrandD,725.24,1354.26
1977,Product_1977,Apparel,BrandB,353.18,560.67
1978,Product_1978,Home,BrandA,290.81,518.35
1979,Product_1979,Home,BrandC,612.39,842.78
1980,Product_1980,Toys,BrandA,359.51,529.73
1981,Product_1981,Sports,BrandD,534.57,930.95
1982,Product_1982,Beauty,BrandB,534.84,774.23
1983,Product_1983,Apparel,BrandE,716.03,1166.88
1984,Product_1984,Sports,BrandB,499.02,632.18
1985,Product_1985,Apparel,BrandD,426.62,699.57
1986,Product_1986,Apparel,BrandB,154.15,289.09
1987,Product_1987,Apparel,BrandB,136.8,257.43
1988,Product_1988,Sports,BrandD,165.74,290.36
1989,Product_1989,Toys,BrandB,178.89,316.85
1990,Product_1990,Home,BrandC,528.41,846.58
1991,Product_1991,Home,BrandC,605.74,985.06
1992,Product_1992,Toys,BrandB,447.49,546.07
1993,Product_1993,Apparel,BrandE,671.76,1007.29
1994,Product_1994,Beauty,BrandD,793.45,1194.7
1995,Product_1995,Electronics,BrandC,665.01,1305.18
1996,Product_1996,Sports,BrandE,571.16,849.87
1997,Product_1997,Electronics,BrandB,449.37,716.48
1998,Product_1998,Toys,BrandE,386.64,610.86
1999,Product_1999,Beauty,BrandA,113.29,189.54
2000,Product_2000,Sports,BrandC,349.53,619.86
